article_date,category,sentiment,article_count
2026-09-25,science,neutral,1
2026-09-26,health,negative,1
2026-09-26,health,neutral,2
2026-09-26,science,neutral,1
2026-09-27,health,negative,1
2026-09-27,health,neutral,2
2026-09-27,health,positive,1
2026-09-27,science,negative,1
2026-09-28,health,negative,1
2026-09-28,health,neutral,2
2026-09-28,science,negative,1
2026-09-28,science,neutral,2
2026-09-28,tech,neutral,1
2026-09-29,business,neutral,1
2026-09-29,health,neutral,2
2026-09-29,health,positive,1
2026-09-29,science,negative,1
2026-09-29,science,neutral,4
2026-09-29,tech,negative,1
2026-09-29,tech,neutral,1
