week,category,entity,entity_count
2026-09-21T00:00:00.000Z,health,now,3
2026-09-21T00:00:00.000Z,health,Theopista Masenge,2
2026-09-21T00:00:00.000Z,health,hospital,2
2026-09-21T00:00:00.000Z,health,Gary,2
2026-09-21T00:00:00.000Z,health,Mbeya,2
2026-09-21T00:00:00.000Z,health,Tanzania,2
2026-09-21T00:00:00.000Z,health,Shaggy,2
2026-09-21T00:00:00.000Z,health,two,2
2026-09-21T00:00:00.000Z,health,may,2
2026-09-21T00:00:00.000Z,health,NewsNation,2
2026-09-21T00:00:00.000Z,health,Pennsylvania,2
2026-09-21T00:00:00.000Z,health,outbreak,2
2026-09-21T00:00:00.000Z,health,The Independent,2
2026-09-21T00:00:00.000Z,health,brothers,1
2026-09-21T00:00:00.000Z,health,mother,1
2026-09-21T00:00:00.000Z,health,IFLScience,1
2026-09-21T00:00:00.000Z,health,child,1
2026-09-21T00:00:00.000Z,health,Health workers,1
2026-09-21T00:00:00.000Z,health,cnn.com,1
2026-09-21T00:00:00.000Z,health,genetics,1
